# 스탠딩 스파인 다리 기준 잰 값(고학년 컷인 점검 -cutinaudit 3440×1440, 2026-10-05). 손보정은 Runtime/Resources/RunUI/standing_scale.json 에 {그림 키: 배율}
hero	art	how	leg	height_over_leg	hipX	headX	headY	cutin_shrunk	fix
가비아	gabia	bones	2.6	2.93	0.399	0.425	0.387		1
그윈	guin	bones	2.2	3.46	0.420	0.472	0.374		1
나이아	naia	bones	2.2	3.17	0.633	0.480	0.416		1
네르	ner	bones	2.4	2.82	0.383	0.382	0.368		1
네르_빡침	nerrage	bones	2.9	2.66	0.575	0.580	0.385		1
네티	neti	bones	2.3	2.90	0.395	0.376	0.395		1
니콜	nicole	bones	2.0	3.17	0.527	0.526	0.411		1
다야	daya	bones	2.8	2.36	0.454	0.508	0.325		1
다야_퓨어샤인	dayapureshine	bones	2.5	2.40	0.524	0.547	0.359		1
델리아	delia	bones	1.8	3.81	0.480	0.495	0.451	줄임	1
디아나	diana	bones	2.3	3.10	0.745	0.635	0.433		1
디아나_왕년	dianayester	bones	2.6	3.40	0.616	0.641	0.466		1
라이카	laika	bones	2.9	2.66	0.501	0.466	0.388		1
란	ran	bones	3.1	2.74	0.493	0.565	0.411		1
레비	levi	bones	2.3	3.20	0.730	0.545	0.402		1
레비_졸업	levigraduate	bones	2.6	2.83	0.429	0.493	0.372		1
레이지	lazy	bones	2.5	2.84	0.606	0.582	0.387		1
레테	lethe	bones	1.9	3.24	0.541	0.495	0.480		1
로네	rohne	bones	2.4	2.77	0.428	0.417	0.345		1
로네_시장	rohnemayor	bones	2.4	2.80	0.476	0.497	0.349		1
로니	ronnie	bones	1.4	5.27	0.404	0.436	0.435	줄임	1
롤렛	rollett	bones	2.1	3.54	0.611	0.553	0.434		1
루드	rude	bones	1.8	3.22	0.530	0.370	0.454		1
루포	rufo	bones	2.5	2.96	0.425	0.451	0.399		1
리뉴아	renewaawaken	bones	2.6	3.01	0.455	0.492	0.420		1
리스티	risty	bones	2.9	2.58	0.292	0.365	0.395		1
리온	lion	bones	2.4	2.93	0.539	0.504	0.396		1
리츠	leets	bones	1.8	3.32	0.389	0.389	0.422		1
리코타	ricota	bones	3.5	2.23	0.436	0.478	0.290		1
림	rim	bones	2.6	3.11	0.610	0.647	0.443		1
림_혼돈	rimchaos	bones	2.7	2.51	0.418	0.491	0.333		1
마고	mago	bones	2.3	3.16	0.535	0.520	0.372		1
마리	marie	bones	2.1	3.08	0.501	0.393	0.413		1
마에스트로2호	maestromk2	bones	2.8	2.96	0.517	0.406	0.267		1
마요	mayo	bones	2.6	2.82	0.364	0.368	0.389		1
마요_멋짐	mayocool	bones	2.5	2.81	0.584	0.629	0.370		1
마카샤	makasha	bones	2.8	2.66	0.600	0.577	0.377		1
메죵	maison	bones	2.4	3.01	0.442	0.509	0.404		1
멜루나	meluna	bones	2.2	2.87	0.684	0.562	0.412		1
모모	momo	bones	2.3	3.09	0.448	0.402	0.477		1
뮤트	mute	bones	2.4	2.88	0.483	0.437	0.368		1
미로	miro	bones	3.0	2.81	0.478	0.546	0.425		1
밍스	mynx	bones	2.1	3.27	0.603	0.616	0.417		1
바나	bana	bones	1.9	3.65	0.444	0.454	0.445	줄임	1
바롱	barong	bones	1.9	3.52	0.461	0.472	0.422		1
바리에	barie	bones	1.9	3.41	0.524	0.511	0.424		1
버터	butter	bones	2.4	2.81	0.483	0.546	0.395		1
베니	beni	bones	2.4	3.03	0.534	0.529	0.371		1
베니_베니	benibeni	bones	2.5	2.92	0.420	0.459	0.389		1
베루	veroo	bones	2.5	2.95	0.312	0.483	0.390		1
벨라	vela	bones	6.4	2.26	0.571	0.611	0.425		1
벨리타	belita	bones	2.7	2.72	0.529	0.542	0.373		1
벨벳	velvet	bones	2.7	2.65	0.654	0.568	0.387		1
블랑셰	blanchet	bones	2.7	3.06	0.500	0.482	0.436		1
비비	vivi	bones	2.5	2.74	0.467	0.478	0.372		1
비비_신성	vividivine	bones	4.5	2.78	0.450	0.467	0.477		1
빅우드	bigwood	bones	3.1	3.08	0.620	0.439	0.273		1
사리	sari	bones	2.7	2.79	0.261	0.310	0.383		1
샤샤	shasha	bones	2.5	2.64	0.500	0.540	0.376		1
셀리네	selline	bones	2.7	2.69	0.565	0.386	0.402		1
셰럼	sherum	bones	2.5	3.00	0.462	0.455	0.367		1
셰이디	shady	bones	2.4	2.81	0.583	0.638	0.357		1
셰이디_역전	shadytwisted	bones	2.6	3.79	0.482	0.510	0.519	줄임	1
슈로	suro	bones	3.1	2.52	0.399	0.461	0.388		1
슈팡	shoupan	bones	2.5	3.02	0.410	0.348	0.399		1
스노키	snorky	bones	2.5	2.86	0.431	0.488	0.378		1
스키아	skea	bones	2.7	2.56	0.498	0.496	0.384		1
스패럿	sparrot	bones	2.5	3.17	0.419	0.440	0.497		1
스피키	speaki	bones	2.5	2.87	0.431	0.447	0.401		1
스피키_메이드	speakimaid	bones	2.7	2.53	0.499	0.593	0.356		1
시스트	sist	bones	1.7	3.88	0.599	0.462	0.509	줄임	1
시온더다크불릿	xxionx	bones	3.8	2.24	0.388	0.435	0.326		1
시저	scizor	bones	3.6	2.25	0.516	0.540	0.380		1
실라	sylla	bones	2.6	2.99	0.427	0.484	0.357		1
실비아	silvia	pelvis	2.5	2.77	0.403	0.471	0.521		1
실피르	silphir	bones	1.5	3.99	0.472	0.434	0.427	줄임	1
아네트	arnet	bones	2.0	3.37	0.506	0.431	0.451		1
아라그니아	aragnia	bones	3.4	2.30	0.429	0.469	0.403		1
아르코	arco	bones	2.8	2.65	0.537	0.547	0.371		1
아멜리아	amelia	bones	2.7	2.63	0.448	0.501	0.352		1
아멜리아_R41	ameliar41	bones	3.3	2.39	0.398	0.460	0.358		1
아사나	asana	bones	3.2	2.38	0.379	0.412	0.380		1
아야	aya	bones	2.7	3.29	0.411	0.436	0.428		1
아이시아	eisia	pelvis	2.3	2.82	0.588	0.557	0.420		1
아일라	ayla	bones	3.5	2.22	0.366	0.375	0.355		1
알레트	allet	bones	2.1	3.10	0.443	0.443	0.435		1
앨리스	alice	bones	2.8	2.59	0.522	0.552	0.328		1
에르핀	erpin	bones	2.5	2.88	0.500	0.522	0.395		1
에르핀_왕도	erpinroyale	bones	4.3	2.02	0.321	0.363	0.324		1
에슈르	ashur	bones	2.3	3.08	0.472	0.464	0.372		1
에슈르_마도	ashurmagi	bones	2.7	2.90	0.448	0.468	0.450		1
에스피	espi	bones	2.0	3.46	0.365	0.471	0.399		1
에피카	epica	bones	2.6	3.26	0.402	0.520	0.533		1
엘레나	elena	bones	2.8	2.50	0.419	0.463	0.355		1
오로라	aurora	bones	2.9	3.49	0.624	0.546	0.526		1
오르	orr	bones	2.4	3.21	0.552	0.600	0.413		1
오팔	opal	bones	2.1	3.55	0.354	0.420	0.518		1
요미	yomi	bones	1.4	4.32	0.607	0.595	0.539	줄임	1
우로스	uros	bones	4.1	2.10	0.503	0.504	0.272		1
우이	ui	bones	3.2	2.62	0.468	0.502	0.405		1
우이_기억	uimemory	bones	2.7	2.92	0.414	0.443	0.411		1
유미미	yumimi	bones	2.0	3.27	0.593	0.495	0.420		1
이드	ed	bones	3.7	2.54	0.522	0.621	0.415		1
이드_재활	edrehab	bones	2.7	2.67	0.442	0.476	0.385		1
이프리트	ifrit	bones	2.0	4.06	0.545	0.476	0.536	줄임	1
잉클	inkle	bones	2.7	2.54	0.376	0.417	0.343		1
제이드	jade	bones	1.4	4.61	0.451	0.446	0.498	줄임	1
죠안	joanne	bones	3.6	2.24	0.513	0.615	0.336		1
쥬비	jubee	bounds	1.7	3.13	0.500	0.680	0.593		1
쵸피	chopi	bones	2.0	3.22	0.506	0.518	0.398		1
카렌	carren	bones	2.2	2.84	0.482	0.407	0.403		1
칸나	canna	bones	2.2	3.48	0.599	0.629	0.394		1
칸타	canta	bones	1.7	3.36	0.530	0.475	0.400		1
캐시	kathy	bones	2.2	2.77	0.477	0.440	0.395		1
캬롯	kyarot	bones	2.1	3.34	0.511	0.518	0.421		1
코미	kommy	bones	2.3	3.09	0.379	0.387	0.370		1
코미_수영복	kommyswim	bones	2.5	2.89	0.428	0.541	0.400		1
큐이	cuee	bones	2.3	2.85	0.415	0.469	0.393		1
클로에	chloe	bones	1.9	4.51	0.366	0.377	0.551	줄임	1
키디언	kidian	bones	1.7	3.34	0.452	0.433	0.433		1
키샤	kishya	bones	2.5	2.58	0.399	0.410	0.360		1
타이다	taida	bones	2.4	2.90	0.536	0.601	0.382		1
티그	tig	bones	2.8	2.63	0.372	0.415	0.357		1
티그_영웅	tighero	bones	2.7	2.78	0.368	0.413	0.401		1
파트라	patula	bones	2.1	3.01	0.452	0.421	0.391		1
페스타	festa	bones	2.5	3.04	0.445	0.465	0.411		1
포셔	posher	bones	2.4	3.00	0.460	0.482	0.397		1
폴랑	polan	bones	2.5	3.55	0.473	0.491	0.494		1
프리클	fricle	bones	2.2	3.05	0.448	0.469	0.380		1
피라	pira	bones	2.3	2.91	0.395	0.475	0.421		1
피코라	picora	bones	2.2	2.96	0.596	0.592	0.424		1
하이디	heidi	pelvis	2.5	2.91	0.499	0.535	0.410		1
헤일리	haley	bones	2.6	2.96	0.411	0.374	0.368		1
헤일리_멀쩡	haleysane	bones	2.8	2.71	0.315	0.360	0.345		1
힐데	hilde	bones	2.4	3.04	0.469	0.532	0.417		1
