레비	괴력 봉인	눌러 둔 괴력 — 스킬 카드로 봉인을 풀고, 다 풀리면 고유 공격 카드가 적 전체로 번진다(그 뒤 1 다시)
레비_졸업	퇴근 도장	정시 퇴근 — 종극 카드로 찍고, 턴이 끝날 때 남은 AP 만큼 실드로 바꾼다
롤렛	바꿔치기	자신의 카드가 버려지면 준비되는 트릭 — 다음 공격 카드 한 장에 실린다
마카샤	예언	줄줄 새는 예언 — 모아 두면 「적혀 있던 결말」이 몽땅 꺼내 쓴다
바리에	대출 도장	당일 반납 — 버린 더미에서 카드를 대출할 때마다 찍고, 셋이면 서가 정리
벨리타	당	비밀 간식 창고 — 몰래 먹은 초콜릿. 오를수록 세지고, 셋이면 당쇼크
벨벳	근력	근력 강화 마법 — HP 를 치러 키우는 근육. 쌓일수록 세지고 덜 아프다
비비_신성	다정한 세상	이번 턴 다른 아군이 카드를 낼 때마다 쌓이는 온기 — 자신의 피해가 오른다
셰럼	원고	현실로 튀어나온 원고 — 파티가 다칠 때마다 한 쪽, 셋이면 연재 회차가 넘어간다
셰럼	연재 회차	회차마다 원고 속 인물 카드가 나온다 — 셋째 회차 뒤 처음부터
스노키	두유	두유 배달 — 다른 아군이 공격할 때마다 한 병, 한 턴에 세 병이면 반격
아사나	명상	명상 자세 — 고유 스킬로 들어가 덜 아프고, 다음 공격 카드에 힘을 싣고 풀린다
아야	서리	눈꽃 개화 — 공격으로 묻히는 서리. 묻은 적은 약해지고, 격파되면 적 전체로 터진다
요미	달의 위상	턴마다 한 칸 도는 달 — 1 그믐(고유 카드 AP +1) · 2~3 초승 · 반달(드로우 1) · 4 보름(피해 +60%)
포셔	약효	잘 듣는 약일수록 — 카드를 만들 때마다 쌓여 턴이 끝날 때 파티를 회복한다
프리클	봉인 함정	적 앞에 깔아 둔 덫 — 그 적이 공격하기 직전 쌓인 만큼 터진다
피코라	스티커	한정 스티커 수집 — 카드를 낼 때마다 한 장, 넷이면 한정판 세트
그윈	깃발	먼저 찜한 쪽이 임자 — 공격으로 꽂는 깃발. 꽂힌 적이 쓰러지면 AP · 드로우
델리아	미끄럼	필살 미끄럼 돌진 — 격파할 때마다 다른 적을 들이받으며 쌓여 이글루 배치기에 실린다
디아나	기공	진짜 치료법 — 스킬 카드로 모은 기를 기공 주문이 한꺼번에 쏟는다
디아나_왕년	백수공권	단순하게 — 손패를 다 비우고 공격하면 쌓여 자신의 피해가 오른다
란	사랑니	사랑니 발도 — 강인도가 반 넘게 깎인 적을 베거나 격파하면 쌓여 다음 공격 카드에 실린다
루포	계획	계획대로인 것이다 — 다음 턴 안에 격파하면 AP · 드로우, 못 하면 손패 1장을 버린다
리온	수수께끼	턴마다 새로 내는 문제 — 1 이면 공격, 2 면 스킬 카드를 파티가 2장 내면 정답
마고	목장 친구	목장 친구들 — 파티가 공격받으면 친구 수만큼 들이받는다
모모	분신	분신술 — 공격하면 하나가 따라 치고, 맞으면 하나가 통나무가 되어 한 대를 흘린다
밍스	졸업 미룸	시범 수업 — 제자가 공격할 때마다 하나, 셋이면 사기 2 로 칭찬하고 처음부터
밍스	제자	밍스 반 학생 — 공격 카드를 내면 밍스가 시범으로 따라 친다
바나	단조	풀무질 — 스킬 카드마다 손의 카드를 벼리며 쌓고, 둘이면 사기
버터	옐로카드	파티를 친 적에게 꺼내는 경고 — 받은 적은 버터의 공격에 더 아프고, 셋이면 기절
베니	한 입	먹고 나면 힘 — 적이 쓰러질 때마다 한 입, 다음 공격 카드에 다 쓴다
베니_베니	꿀범벅	꿀단지 한 방 — 스킬로 적에게 바르는 꿀. 셋이면 굼떠지고, 큰 한 방이 한꺼번에 터뜨린다
슈로	결투	통성명 뒤엔 결투 — 맞붙은 한 적의 공격을 다 막으면 강인도를 깎고, 쓰러뜨리면 반격
스패럿	노획물	해적의 약탈 — 처치하거나 실드를 깰 때마다 챙겨 일제사격의 포탄으로 쓴다
에피카	에피콘	에피콘 극단 — 공격할 때마다 수만큼 따라 친다
우로스	순환	거대한 뱀의 순환 — 더미를 섞을 때마다 한 바퀴, 돈 바퀴는 거대한 뱀에 실린다
유미미	나른함	늘어지기 — 턴 끝마다 쌓이고(쉰 턴엔 더), 공격 카드 한 장에 모두 쏟는다
쵸피	수련	하루도 거르지 않는 수련 — 격파할 때마다 쌓이고, 판이 끝날 때까지 공격력도 자란다
코미	낮잠	낮잠의 미학 — 남긴 AP 만큼 자 두었다가, 적이 치기 직전 하나씩 깨워 실드
코미_수영복	주스 재고	조기 매진 — 스킬 카드를 낼 때마다 한 병씩 팔려 파티를 회복하고 매출이 오른다
코미_수영복	매출	팔린 주스 값 — 셋이면 AP 로 바뀐다
티그	장작 패기	장작 패기 반복 — 이번 턴 공격할 때마다 쌓이고, 셋이면 AP 를 돌려받는다
티그_영웅	영웅담	영웅의 길 — 격파할 때마다 쌓여 자신의 피해가 오른다
레이지	출동 기록	해치운 잡일 목록 — 모아서 레이저 한 방에 몰아 쏜다
로네	첩보원 모드	두 얼굴 — 없으면 외교관(덜 맞고 덜 친다), 있으면 첩보원. 바꿀 때마다 적이 늦어진다
로네_시장	지지율	도시락 한 그릇마다 오르는 민심 — 셋이면 축포
리뉴아	초침	딱 맞게 흘려보낸 1초 — 조율로 쌓고, 셋이면 다음 턴 AP
리스티	콤보	이어 붙인 입력 — 공격할 때마다 쌓이고, 자신의 카드를 안 낸 턴엔 끊긴다
마에스트로2호	배터리	무엇이든 연료로 — 실드를 얻을 때마다 차고(치유로는 안 참), 카드 한 장에 모두 쏟는다
아멜리아	결재 서류	아군이 일할 때마다 올라오는 서류 — 넷이면 한꺼번에 처리해 AP
아멜리아_R41	시험 가동	시제품을 무사히 쏜 횟수 — 셋이면 다음부터 완성품
아이시아	선행 장부	본의 아니게 한 선행 — 처치할 때마다 쌓여 「해고야!」에 실린다
알레트	반장님	알레트가 따르는 아군 — 반장님이 공격하면 알레트가 방패를 든다
알레트	명령 수행	반장님의 공격 하나하나가 명령 — 셋이면 반격 태세
엘레나	드론	엘레나의 발명품 — 턴이 끝날 때마다 쏘고, 공격 카드를 내면 한 기가 자폭한다
오르	자재	사라진 카드에서 주운 부품 — 셋이면 발명품 하나
이드	꿈결	이드의 카드가 뽑힐 때마다 번지는 꿈 — 모아서 한꺼번에 방패로
이드_재활	악몽	파티가 다칠 때마다 쌓이는 나쁜 꿈 — 이드(재활)가 스킬을 내면 실드와 피해로 몰아낸다
칸나	반려 도장	또 반려된 휴가 신청서 — 고학년 스킬을 쓸 때마다 쌓여 자신의 피해가 오른다
캐시	충전	적이 움직일 때마다 놀라서 차는 전기 — 카드 한 장에 모두 쓰고, 셋이면 적을 지진다
타이다	땡땡이	떠넘기고 쉰 만큼 아낀 힘 — 카드 한 장에 모두 쓴다
페스타	반항	정해진 박자를 깨는 쾌감 — 공격과 스킬을 번갈아 내면 쌓이고, 셋이면 협공
하이디	특종감	하이디가 쫓는 특종 — 쓰러지면 「특종 기사」를 쓰고 다음 특종을 찾는다
헤일리	외계인	헤일리가 외계인이라 믿는 적 — 헤일리가 치면 추가 공격
헤일리_멀쩡	극복의 훈장	다 막아 낸 공격 하나하나가 훈장 — 턴 시작에 하나를 달아 첫 카드를 가볍게
힐데	처방전	부상일 때 써 둔 처방 — 모아서 큰 치유로
네르	기도	돌볼 아이를 지켜보며 모은 기도 — 적이 치기 직전 한 대를 무르게 한다
네르	돌볼 아이	네르가 돌보는 아군 — 이 아군이 카드를 내면 기도가 쌓인다
네르_빡침	빡침	교주와 여왕에게 손댄 놈을 향한 분노 — 맞을 때마다 쌓이고 다섯이면 터진다
로니	무법자	보안관이 점찍은 현상범 — 움직이기 직전 로니가 먼저 쏜다
리코타	코스	한 턴의 식탁 — 0코 → 1코 → 2코 이상 카드를 차례로 내면 완성
마리	폭탄	저절로는 안 터지는 특제 폭탄 — 마리가 스킬을 쓰면 한꺼번에 터진다
마요	마취	독침에 굳어 가는 수집 후보 — 쌓일수록 무르고, 셋이면 굼떠진다
마요_멋짐	진열품	가장 아끼는 수집품 — 다음 피해 한 번이 세진다
샤샤	수압	텀블러에 차오르는 물 — 물줄기에 실어 쏜다
슈팡	배송	한 턴에 몰아치는 과속 배달 — 신속 카드로 쌓고, 셋째 건에 소포가 날아간다
스키아	침묵	참고 또 참은 말 — 둘이면 AP 가 된다
에르핀	외상	갚을 생각 없는 밥값 — 큰 카드를 낼 때마다 쌓이고, 처치하면 탕감돼 AP
에르핀_왕도	왕도	여왕이 곧게 걷는 길 — 같은 적을 잇달아 칠수록 그 적이 무너진다
에슈르	빵 센디오	빵이냐 마법이냐 — 카드를 낼 때마다 부풀고, 셋이면 둘 다
에슈르_마도	노트	사라진 마법의 연구 기록 — 소멸할 때마다 쌓이고, 셋이면 한 장을 되살린다
죠안	목도	교주 곁에서 보고 들은 것 — 자리를 옮길 때마다 쌓인다
카렌	구독자	다시 모으는 시청자 — 볼수록 힘이 나고 다섯마다 떡상, 쓰러질 듯하면 빠진다
칸타	판돈	다음 턴 AP 를 건 판 — 이번 턴 안에 격파 · 처치하면 AP 로 돌려받는다
캬롯	텃밭	새싹이 자라는 동안 쌓이는 기운 — 새싹을 심으면 처음부터
큐이	오이	몰래 심은 오이 — 붙은 아군이 카드를 내면 한 입 먹고 떨어진다
클로에	바늘땀	세바스티안에게 한 땀씩 꿰매는 권능 — 둘이면 천 조각
파트라	민트	어떤 반죽에든 들어가는 민트 — 넷이 차면 구워진다
폴랑	포위	셋이서 둘러싼 적 — 한 턴에 셋이 차면 포위 완성
네티	유물 발굴	파 내려간 깊이 — 셋이면 버린 더미 맨 아래 카드를 캐 올린다
다야	감정 의뢰	들어온 보석 감정 의뢰 — 셋이면 「원석」 한 장
다야_퓨어샤인	얼른 끝내자	서두르는 마음 — 턴 첫 카드가 자신의 것이면 켜져 「샤이닝 피니시」를 한 장 더
루드	한 세트 더	쉬지 않고 이어 가는 세트 — 루드의 카드를 잇달아 낼수록 실드가 붙고, 넷째에 결의
리츠	명분이 서면	먼저 맞았으니 박살 낼 명분 — 맞으면 쌓여 자신의 피해가 오른다
비비	수은 재채기	파티 실드가 적에게 깨지면 하나 써서 그 적에게 되쏜다(막은 양 비례)
시스트	밀수 장부	장부에 적힌 금화 — 격파 · 처치로 쌓이고, 「금화로만」 파는 카드의 값이 된다
실비아	티파티 초대장	한 번에 한 손님 — 초대받은 적이 공격하려 하면 실비아가 먼저 꾸짖는다
실피르	2인자 쟁탈전	다른 아군의 공격 기록 — 둘 이상일 때 실피르가 공격하면 모두 써서 AP · 사기
아네트	내 챔피언	아네트가 찍은 챔피언 — 이 아군이 공격할 때마다 관중이 함성을 지른다
아네트	관중 함성	관중석의 함성 — 셋이면 사기 · 협공
아라그니아	모래섬 왕국	모래로 쌓은 왕국 — 층마다 덜 아프고, 맞으면 무너져 층마다 고정 실드
오팔	눈물 보석	다친 다음 날 맺히는 눈물 — 셋이면 AP · 결정화
제이드	소장 가치	손에 쥐고 넘긴 책의 값 — 턴마다 쌓이고, 공격 카드 한 장에 모두 쓴다
키디언	그림자 마무리	무너진 틈을 노리는 그림자 — 격파되면 쌓이고, 공격 카드 한 장에 모두 쓴다
피라	도금 연금술	도금이 벗겨지며 남은 가루 — 도금한 카드로 쌓고, 큰 한 방이 쓴다
레테	지운 기억	레이저로 지운 기억 조각 — 레테가 실드로 바꿔 쥔다
림	낫 자국	균형을 지키는 낫의 흔적 — 깊을수록 잘 벌어진다
림_혼돈	혼돈	어설프게 흉내 낸 혼돈 — 꿀밤 한 방이면 흩어진다
메죵	입주	메죵이 눌러앉은 집 — 집주인은 영 편하지 않다
바롱	뒷담	바롱이 속삭인 거짓말 — 들은 적은 동료를 의심한다
베루	흠	베루가 물고 늘어진 결점 — 아군 공격이 거기로 꽂힌다
벨라	존속	나는 여기 있다 — 위기일수록 또렷해지는 존재감
사리	맞장구	아군이 칠 때마다 「그렇지!」 — 모아서 제 공격에 실어 보낸다
셀리네	표정	약 올린 상대의 찡그린 얼굴 — 디버프를 걸 때마다 한 장, 둘이면 「화난 얼굴」
셰이디	장난	셰이디의 짓궂은 장난 — 셋이 겹치면 대형 사고
셰이디_역전	참음	착한 척하느라 눌러 둔 짜증 — 넷이면 터진다
스피키	변장	방금 본 아군을 흉내 낸 분장 — 쓰면 그 아군 카드를 대신 낸다
스피키_메이드	잡동사니	청소기 먼지통에 쌓인 것 — 셋이면 뜻밖의 행운
시온더다크불릿	좌표	마탄의 사수가 잡아 둔 과녁 — 찍힌 적은 급소가 드러난다
앨리스	행운	타로가 점지한 운 — 손끝이 날카로워진다
에스피	꿈 일기	훔쳐본 꿈을 적은 일기 — 자신의 카드가 뽑힐 때마다 한 줄
키샤	열기	팬들이 만든 무대의 열기 — 다른 아군이 카드를 낼 때마다 오른다
가비아	목청	외치고 난 목 — 외침을 고르면 차고, 땅이 울리지만 손이 미끄러진다
나이아	물총	나이아가 쏜 물에 젖은 아군 — 이번 턴 그 아군이 카드를 내면 물이 따라간다
니콜	테이크	다시 찍은 횟수 — 쌓일수록 세지고, 셋이면 「오케이 컷」
라이카	과충전	제 몸에 꽂은 220V — 다음 공격 카드 한 장이 무거워진다
멜루나	수익	투자하는 동안 처치로 붙은 이자 — 투자가 돌아올 때 AP 로 더 받는다
뮤트	뮤트 의장	이번 턴 회의는 뮤트가 이끈다 — 뮤트 카드가 적을 무르게 만든다
뮤트	나타 의장	이번 턴 회의는 나타가 이끈다 — 뮤트 카드가 파티를 지킨다
미로	시선	거울 속에서 지켜보는 눈 — 맞을 때마다 그 적에게 하나
블랑셰	붉은 장미	약점을 찌른 연기에 피는 장미 — 푸른 장미와 둘씩이면 커튼콜
블랑셰	푸른 장미	담담한 연기에 피는 장미 — 붉은 장미와 둘씩이면 커튼콜
빅우드	나이테	맞으며 늘어난 나이테 — 쌓일수록 실드가 두꺼워진다
시저	빌려준 맛	시저가 빌려준 사기 — 두 턴 뒤 거둬 간다(그 사이 처치하면 탕감)
실라	정면 승부	실라와 정면으로 마주 선 적
아르코	스텝	박자에 맞춰 밟은 스텝 — 셋이면 브레이크
아일라	빠직	참고 있는 화 — 다섯이면 대분화
오로라	빛무리	곁에 있는 이들이 남긴 빛 — 쌓일수록 실드가 두꺼워진다
우이	외면	보슬비로 덮어 둔 싫은 것 — 셋이면 파티의 아픔이 씻겨 간다
우이_기억	되찾은 기억	사라진 카드에서 건져 올린 기억
이프리트	장작	태워 넣은 땔감 — 다음 공격 카드 한 장에 실린다
잉클	번짐	적에게 스며든 먹물
쥬비	벌	쥬비를 따라다니는 꿀벌 떼 — 공격 카드를 내면 마리 수만큼 쏜다
